Workbook

Sheet REGIONAL
A1: REGIONAL
A2: SLR Scenario | B2: Daily Tide +SLR | C2: Extreme Tide (Storm Surge)
C3: 1yr | D3: 2yr | E3: 5yr | F3: 10yr | G3: 25yr | H3: 50yr | I3: 100yr
A4: 0 | B4: 0 | C4: 14 | D4: 18 | E4: 23 | F4: 27 | G4: 32 | H4: 37 | I4: 42
A5: 6 | B5: 6 | C5: =$A5+C$4 -> 20 | D5: =$A5+D$4 -> 24 | E5: =$A5+E$4 -> 29 | F5: =$A5+F$4 -> 33 | G5: =$A5+G$4 -> 38 | H5: =$A5+H$4 -> 43 | I5: =$A5+I$4 -> 48
A6: 12 | B6: 12 | C6: =$A6+C$4 -> 26 | D6: =$A6+D$4 -> 30 | E6: =$A6+E$4 -> 35 | F6: =$A6+F$4 -> 39 | G6: =$A6+G$4 -> 44 | H6: =$A6+H$4 -> 49 | I6: =$A6+I$4 -> 54
A7: 18 | B7: 18 | C7: =$A7+C$4 -> 32 | D7: =$A7+D$4 -> 36 | E7: =$A7+E$4 -> 41 | F7: =$A7+F$4 -> 45 | G7: =$A7+G$4 -> 50 | H7: =$A7+H$4 -> 55 | I7: =$A7+I$4 -> 60
A8: 24 | B8: 24 | C8: =$A8+C$4 -> 38 | D8: =$A8+D$4 -> 42 | E8: =$A8+E$4 -> 47 | F8: =$A8+F$4 -> 51 | G8: =$A8+G$4 -> 56 | H8: =$A8+H$4 -> 61 | I8: =$A8+I$4 -> 66
A9: 30 | B9: 30 | C9: =$A9+C$4 -> 44 | D9: =$A9+D$4 -> 48 | E9: =$A9+E$4 -> 53 | F9: =$A9+F$4 -> 57 | G9: =$A9+G$4 -> 62 | H9: =$A9+H$4 -> 67 | I9: =$A9+I$4 -> 72
A10: 36 | B10: 36 | C10: =$A10+C$4 -> 50 | D10: =$A10+D$4 -> 54 | E10: =$A10+E$4 -> 59 | F10: =$A10+F$4 -> 63 | G10: =$A10+G$4 -> 68 | H10: =$A10+H$4 -> 73 | I10: =$A10+I$4 -> 78
A11: 42 | B11: 42 | C11: =$A11+C$4 -> 56 | D11: =$A11+D$4 -> 60 | E11: =$A11+E$4 -> 65 | F11: =$A11+F$4 -> 69 | G11: =$A11+G$4 -> 74 | H11: =$A11+H$4 -> 79 | I11: =$A11+I$4 -> 84
A12: 48 | B12: 48 | C12: =$A12+C$4 -> 62 | D12: =$A12+D$4 -> 66 | E12: =$A12+E$4 -> 71 | F12: =$A12+F$4 -> 75 | G12: =$A12+G$4 -> 80 | H12: =$A12+H$4 -> 85 | I12: =$A12+I$4 -> 90
A13: 52 | B13: 52 | C13: =$A13+C$4 -> 66 | D13: =$A13+D$4 -> 70 | E13: =$A13+E$4 -> 75 | F13: =$A13+F$4 -> 79 | G13: =$A13+G$4 -> 84 | H13: =$A13+H$4 -> 89 | I13: =$A13+I$4 -> 94
A14: 54 | B14: 54 | C14: =$A14+C$4 -> 68 | D14: =$A14+D$4 -> 72 | E14: =$A14+E$4 -> 77 | F14: =$A14+F$4 -> 81 | G14: =$A14+G$4 -> 86 | H14: =$A14+H$4 -> 91 | I14: =$A14+I$4 -> 96
A15: 60 | B15: 60 | C15: =$A15+C$4 -> 74 | D15: =$A15+D$4 -> 78 | E15: =$A15+E$4 -> 83 | F15: =$A15+F$4 -> 87 | G15: =$A15+G$4 -> 92 | H15: =$A15+H$4 -> 97 | I15: =$A15+I$4 -> 102
A16: 66 | B16: 66 | C16: =$A16+C$4 -> 80 | D16: =$A16+D$4 -> 84 | E16: =$A16+E$4 -> 89 | F16: =$A16+F$4 -> 93 | G16: =$A16+G$4 -> 98 | H16: =$A16+H$4 -> 103 | I16: =$A16+I$4 -> 108

Sheet Marin
A1: MARIN COUNTY
A2: SLR Scenario | B2: Daily Tide +SLR | C2: Extreme Tide (Storm Surge)
C3: 1yr | D3: 2yr | E3: 5yr | F3: 10yr | G3: 25yr | H3: 50yr | I3: 100yr
A4: 0 | B4: 0 | C4: 15 | D4: 18 | E4: 23 | F4: 27 | G4: 32 | H4: 37 | I4: 42
A5: 6 | B5: 6 | C5: =$A5+C$4 -> 21 | D5: =$A5+D$4 -> 24 | E5: =$A5+E$4 -> 29 | F5: =$A5+F$4 -> 33 | G5: =$A5+G$4 -> 38 | H5: =$A5+H$4 -> 43 | I5: =$A5+I$4 -> 48
A6: 12 | B6: 12 | C6: =$A6+C$4 -> 27 | D6: =$A6+D$4 -> 30 | E6: =$A6+E$4 -> 35 | F6: =$A6+F$4 -> 39 | G6: =$A6+G$4 -> 44 | H6: =$A6+H$4 -> 49 | I6: =$A6+I$4 -> 54
A7: 18 | B7: 18 | C7: =$A7+C$4 -> 33 | D7: =$A7+D$4 -> 36 | E7: =$A7+E$4 -> 41 | F7: =$A7+F$4 -> 45 | G7: =$A7+G$4 -> 50 | H7: =$A7+H$4 -> 55 | I7: =$A7+I$4 -> 60
A8: 24 | B8: 24 | C8: =$A8+C$4 -> 39 | D8: =$A8+D$4 -> 42 | E8: =$A8+E$4 -> 47 | F8: =$A8+F$4 -> 51 | G8: =$A8+G$4 -> 56 | H8: =$A8+H$4 -> 61 | I8: =$A8+I$4 -> 66
A9: 30 | B9: 30 | C9: =$A9+C$4 -> 45 | D9: =$A9+D$4 -> 48 | E9: =$A9+E$4 -> 53 | F9: =$A9+F$4 -> 57 | G9: =$A9+G$4 -> 62 | H9: =$A9+H$4 -> 67 | I9: =$A9+I$4 -> 72
A10: 36 | B10: 36 | C10: =$A10+C$4 -> 51 | D10: =$A10+D$4 -> 54 | E10: =$A10+E$4 -> 59 | F10: =$A10+F$4 -> 63 | G10: =$A10+G$4 -> 68 | H10: =$A10+H$4 -> 73 | I10: =$A10+I$4 -> 78
A11: 42 | B11: 42 | C11: =$A11+C$4 -> 57 | D11: =$A11+D$4 -> 60 | E11: =$A11+E$4 -> 65 | F11: =$A11+F$4 -> 69 | G11: =$A11+G$4 -> 74 | H11: =$A11+H$4 -> 79 | I11: =$A11+I$4 -> 84
A12: 48 | B12: 48 | C12: =$A12+C$4 -> 63 | D12: =$A12+D$4 -> 66 | E12: =$A12+E$4 -> 71 | F12: =$A12+F$4 -> 75 | G12: =$A12+G$4 -> 80 | H12: =$A12+H$4 -> 85 | I12: =$A12+I$4 -> 90
A13: 52 | B13: 52 | C13: =$A13+C$4 -> 67 | D13: =$A13+D$4 -> 70 | E13: =$A13+E$4 -> 75 | F13: =$A13+F$4 -> 79 | G13: =$A13+G$4 -> 84 | H13: =$A13+H$4 -> 89 | I13: =$A13+I$4 -> 94
A14: 54 | B14: 54 | C14: =$A14+C$4 -> 69 | D14: =$A14+D$4 -> 72 | E14: =$A14+E$4 -> 77 | F14: =$A14+F$4 -> 81 | G14: =$A14+G$4 -> 86 | H14: =$A14+H$4 -> 91 | I14: =$A14+I$4 -> 96
A15: 60 | B15: 60 | C15: =$A15+C$4 -> 75 | D15: =$A15+D$4 -> 78 | E15: =$A15+E$4 -> 83 | F15: =$A15+F$4 -> 87 | G15: =$A15+G$4 -> 92 | H15: =$A15+H$4 -> 97 | I15: =$A15+I$4 -> 102
A16: 66 | B16: 66 | C16: =$A16+C$4 -> 81 | D16: =$A16+D$4 -> 84 | E16: =$A16+E$4 -> 89 | F16: =$A16+F$4 -> 93 | G16: =$A16+G$4 -> 98 | H16: =$A16+H$4 -> 103 | I16: =$A16+I$4 -> 108

Sheet Sonoma
A1: SONOMA COUNTY
A2: SLR Scenario | B2: Daily Tide +SLR | C2: Extreme Tide (Storm Surge)
C3: 1yr | D3: 2yr | E3: 5yr | F3: 10yr | G3: 25yr | H3: 50yr | I3: 100yr
A4: 0 | B4: 0 | C4: 15 | D4: 18 | E4: 24 | F4: 28 | G4: 34 | H4: 38 | I4: 43
A5: 6 | B5: 6 | C5: =$A5+C$4 -> 21 | D5: =$A5+D$4 -> 24 | E5: =$A5+E$4 -> 30 | F5: =$A5+F$4 -> 34 | G5: =$A5+G$4 -> 40 | H5: =$A5+H$4 -> 44 | I5: =$A5+I$4 -> 49
A6: 12 | B6: 12 | C6: =$A6+C$4 -> 27 | D6: =$A6+D$4 -> 30 | E6: =$A6+E$4 -> 36 | F6: =$A6+F$4 -> 40 | G6: =$A6+G$4 -> 46 | H6: =$A6+H$4 -> 50 | I6: =$A6+I$4 -> 55
A7: 18 | B7: 18 | C7: =$A7+C$4 -> 33 | D7: =$A7+D$4 -> 36 | E7: =$A7+E$4 -> 42 | F7: =$A7+F$4 -> 46 | G7: =$A7+G$4 -> 52 | H7: =$A7+H$4 -> 56 | I7: =$A7+I$4 -> 61
A8: 24 | B8: 24 | C8: =$A8+C$4 -> 39 | D8: =$A8+D$4 -> 42 | E8: =$A8+E$4 -> 48 | F8: =$A8+F$4 -> 52 | G8: =$A8+G$4 -> 58 | H8: =$A8+H$4 -> 62 | I8: =$A8+I$4 -> 67
A9: 30 | B9: 30 | C9: =$A9+C$4 -> 45 | D9: =$A9+D$4 -> 48 | E9: =$A9+E$4 -> 54 | F9: =$A9+F$4 -> 58 | G9: =$A9+G$4 -> 64 | H9: =$A9+H$4 -> 68 | I9: =$A9+I$4 -> 73
A10: 36 | B10: 36 | C10: =$A10+C$4 -> 51 | D10: =$A10+D$4 -> 54 | E10: =$A10+E$4 -> 60 | F10: =$A10+F$4 -> 64 | G10: =$A10+G$4 -> 70 | H10: =$A10+H$4 -> 74 | I10: =$A10+I$4 -> 79
A11: 42 | B11: 42 | C11: =$A11+C$4 -> 57 | D11: =$A11+D$4 -> 60 | E11: =$A11+E$4 -> 66 | F11: =$A11+F$4 -> 70 | G11: =$A11+G$4 -> 76 | H11: =$A11+H$4 -> 80 | I11: =$A11+I$4 -> 85
A12: 48 | B12: 48 | C12: =$A12+C$4 -> 63 | D12: =$A12+D$4 -> 66 | E12: =$A12+E$4 -> 72 | F12: =$A12+F$4 -> 76 | G12: =$A12+G$4 -> 82 | H12: =$A12+H$4 -> 86 | I12: =$A12+I$4 -> 91
A13: 52 | B13: 52 | C13: =$A13+C$4 -> 67 | D13: =$A13+D$4 -> 70 | E13: =$A13+E$4 -> 76 | F13: =$A13+F$4 -> 80 | G13: =$A13+G$4 -> 86 | H13: =$A13+H$4 -> 90 | I13: =$A13+I$4 -> 95
A14: 54 | B14: 54 | C14: =$A14+C$4 -> 69 | D14: =$A14+D$4 -> 72 | E14: =$A14+E$4 -> 78 | F14: =$A14+F$4 -> 82 | G14: =$A14+G$4 -> 88 | H14: =$A14+H$4 -> 92 | I14: =$A14+I$4 -> 97
A15: 60 | B15: 60 | C15: =$A15+C$4 -> 75 | D15: =$A15+D$4 -> 78 | E15: =$A15+E$4 -> 84 | F15: =$A15+F$4 -> 88 | G15: =$A15+G$4 -> 94 | H15: =$A15+H$4 -> 98 | I15: =$A15+I$4 -> 103
A16: 66 | B16: 66 | C16: =$A16+C$4 -> 81 | D16: =$A16+D$4 -> 84 | E16: =$A16+E$4 -> 90 | F16: =$A16+F$4 -> 94 | G16: =$A16+G$4 -> 100 | H16: =$A16+H$4 -> 104 | I16: =$A16+I$4 -> 109

Sheet Napa
A1: NAPA COUNTY
A2: SLR Scenario | B2: Daily Tide +SLR | C2: Extreme Tide (Storm Surge)
C3: 1yr | D3: 2yr | E3: 5yr | F3: 10yr | G3: 25yr | H3: 50yr | I3: 100yr
A4: 0 | B4: 0 | C4: 15 | D4: 19 | E4: 24 | F4: 27 | G4: 33 | H4: 37 | I4: 42
A5: 6 | B5: 6 | C5: =$A5+C$4 -> 21 | D5: =$A5+D$4 -> 25 | E5: =$A5+E$4 -> 30 | F5: =$A5+F$4 -> 33 | G5: =$A5+G$4 -> 39 | H5: =$A5+H$4 -> 43 | I5: =$A5+I$4 -> 48
A6: 12 | B6: 12 | C6: =$A6+C$4 -> 27 | D6: =$A6+D$4 -> 31 | E6: =$A6+E$4 -> 36 | F6: =$A6+F$4 -> 39 | G6: =$A6+G$4 -> 45 | H6: =$A6+H$4 -> 49 | I6: =$A6+I$4 -> 54
A7: 18 | B7: 18 | C7: =$A7+C$4 -> 33 | D7: =$A7+D$4 -> 37 | E7: =$A7+E$4 -> 42 | F7: =$A7+F$4 -> 45 | G7: =$A7+G$4 -> 51 | H7: =$A7+H$4 -> 55 | I7: =$A7+I$4 -> 60
A8: 24 | B8: 24 | C8: =$A8+C$4 -> 39 | D8: =$A8+D$4 -> 43 | E8: =$A8+E$4 -> 48 | F8: =$A8+F$4 -> 51 | G8: =$A8+G$4 -> 57 | H8: =$A8+H$4 -> 61 | I8: =$A8+I$4 -> 66
A9: 30 | B9: 30 | C9: =$A9+C$4 -> 45 | D9: =$A9+D$4 -> 49 | E9: =$A9+E$4 -> 54 | F9: =$A9+F$4 -> 57 | G9: =$A9+G$4 -> 63 | H9: =$A9+H$4 -> 67 | I9: =$A9+I$4 -> 72
A10: 36 | B10: 36 | C10: =$A10+C$4 -> 51 | D10: =$A10+D$4 -> 55 | E10: =$A10+E$4 -> 60 | F10: =$A10+F$4 -> 63 | G10: =$A10+G$4 -> 69 | H10: =$A10+H$4 -> 73 | I10: =$A10+I$4 -> 78
A11: 42 | B11: 42 | C11: =$A11+C$4 -> 57 | D11: =$A11+D$4 -> 61 | E11: =$A11+E$4 -> 66 | F11: =$A11+F$4 -> 69 | G11: =$A11+G$4 -> 75 | H11: =$A11+H$4 -> 79 | I11: =$A11+I$4 -> 84
A12: 48 | B12: 48 | C12: =$A12+C$4 -> 63 | D12: =$A12+D$4 -> 67 | E12: =$A12+E$4 -> 72 | F12: =$A12+F$4 -> 75 | G12: =$A12+G$4 -> 81 | H12: =$A12+H$4 -> 85 | I12: =$A12+I$4 -> 90
A13: 52 | B13: 52 | C13: =$A13+C$4 -> 67 | D13: =$A13+D$4 -> 71 | E13: =$A13+E$4 -> 76 | F13: =$A13+F$4 -> 79 | G13: =$A13+G$4 -> 85 | H13: =$A13+H$4 -> 89 | I13: =$A13+I$4 -> 94
A14: 54 | B14: 54 | C14: =$A14+C$4 -> 69 | D14: =$A14+D$4 -> 73 | E14: =$A14+E$4 -> 78 | F14: =$A14+F$4 -> 81 | G14: =$A14+G$4 -> 87 | H14: =$A14+H$4 -> 91 | I14: =$A14+I$4 -> 96
A15: 60 | B15: 60 | C15: =$A15+C$4 -> 75 | D15: =$A15+D$4 -> 79 | E15: =$A15+E$4 -> 84 | F15: =$A15+F$4 -> 87 | G15: =$A15+G$4 -> 93 | H15: =$A15+H$4 -> 97 | I15: =$A15+I$4 -> 102
A16: 66 | B16: 66 | C16: =$A16+C$4 -> 81 | D16: =$A16+D$4 -> 85 | E16: =$A16+E$4 -> 90 | F16: =$A16+F$4 -> 93 | G16: =$A16+G$4 -> 99 | H16: =$A16+H$4 -> 103 | I16: =$A16+I$4 -> 108

Sheet Solano
A1: SOLANO COUNTY
A2: SLR Scenario | B2: Daily Tide +SLR | C2: Extreme Tide (Storm Surge)
C3: 1yr | D3: 2yr | E3: 5yr | F3: 10yr | G3: 25yr | H3: 50yr | I3: 100yr
A4: 0 | B4: 0 | C4: 15 | D4: 18 | E4: 23 | F4: 27 | G4: 32 | H4: 36 | I4: 41
A5: 6 | B5: 6 | C5: =$A5+C$4 -> 21 | D5: =$A5+D$4 -> 24 | E5: =$A5+E$4 -> 29 | F5: =$A5+F$4 -> 33 | G5: =$A5+G$4 -> 38 | H5: =$A5+H$4 -> 42 | I5: =$A5+I$4 -> 47
A6: 12 | B6: 12 | C6: =$A6+C$4 -> 27 | D6: =$A6+D$4 -> 30 | E6: =$A6+E$4 -> 35 | F6: =$A6+F$4 -> 39 | G6: =$A6+G$4 -> 44 | H6: =$A6+H$4 -> 48 | I6: =$A6+I$4 -> 53
A7: 18 | B7: 18 | C7: =$A7+C$4 -> 33 | D7: =$A7+D$4 -> 36 | E7: =$A7+E$4 -> 41 | F7: =$A7+F$4 -> 45 | G7: =$A7+G$4 -> 50 | H7: =$A7+H$4 -> 54 | I7: =$A7+I$4 -> 59
A8: 24 | B8: 24 | C8: =$A8+C$4 -> 39 | D8: =$A8+D$4 -> 42 | E8: =$A8+E$4 -> 47 | F8: =$A8+F$4 -> 51 | G8: =$A8+G$4 -> 56 | H8: =$A8+H$4 -> 60 | I8: =$A8+I$4 -> 65
A9: 30 | B9: 30 | C9: =$A9+C$4 -> 45 | D9: =$A9+D$4 -> 48 | E9: =$A9+E$4 -> 53 | F9: =$A9+F$4 -> 57 | G9: =$A9+G$4 -> 62 | H9: =$A9+H$4 -> 66 | I9: =$A9+I$4 -> 71
A10: 36 | B10: 36 | C10: =$A10+C$4 -> 51 | D10: =$A10+D$4 -> 54 | E10: =$A10+E$4 -> 59 | F10: =$A10+F$4 -> 63 | G10: =$A10+G$4 -> 68 | H10: =$A10+H$4 -> 72 | I10: =$A10+I$4 -> 77
A11: 42 | B11: 42 | C11: =$A11+C$4 -> 57 | D11: =$A11+D$4 -> 60 | E11: =$A11+E$4 -> 65 | F11: =$A11+F$4 -> 69 | G11: =$A11+G$4 -> 74 | H11: =$A11+H$4 -> 78 | I11: =$A11+I$4 -> 83
A12: 48 | B12: 48 | C12: =$A12+C$4 -> 63 | D12: =$A12+D$4 -> 66 | E12: =$A12+E$4 -> 71 | F12: =$A12+F$4 -> 75 | G12: =$A12+G$4 -> 80 | H12: =$A12+H$4 -> 84 | I12: =$A12+I$4 -> 89
A13: 52 | B13: 52 | C13: =$A13+C$4 -> 67 | D13: =$A13+D$4 -> 70 | E13: =$A13+E$4 -> 75 | F13: =$A13+F$4 -> 79 | G13: =$A13+G$4 -> 84 | H13: =$A13+H$4 -> 88 | I13: =$A13+I$4 -> 93
A14: 54 | B14: 54 | C14: =$A14+C$4 -> 69 | D14: =$A14+D$4 -> 72 | E14: =$A14+E$4 -> 77 | F14: =$A14+F$4 -> 81 | G14: =$A14+G$4 -> 86 | H14: =$A14+H$4 -> 90 | I14: =$A14+I$4 -> 95
A15: 60 | B15: 60 | C15: =$A15+C$4 -> 75 | D15: =$A15+D$4 -> 78 | E15: =$A15+E$4 -> 83 | F15: =$A15+F$4 -> 87 | G15: =$A15+G$4 -> 92 | H15: =$A15+H$4 -> 96 | I15: =$A15+I$4 -> 101
A16: 66 | B16: 66 | C16: =$A16+C$4 -> 81 | D16: =$A16+D$4 -> 84 | E16: =$A16+E$4 -> 89 | F16: =$A16+F$4 -> 93 | G16: =$A16+G$4 -> 98 | H16: =$A16+H$4 -> 102 | I16: =$A16+I$4 -> 107

Sheet Contra Costa
A1: CONTRA COSTA COUNTY
A2: SLR Scenario | B2: Daily Tide +SLR | C2: Extreme Tide (Storm Surge)
C3: 1yr | D3: 2yr | E3: 5yr | F3: 10yr | G3: 25yr | H3: 50yr | I3: 100yr
A4: 0 | B4: 0 | C4: 14 | D4: 18 | E4: 23 | F4: 27 | G4: 32 | H4: 36 | I4: 41
A5: 6 | B5: 6 | C5: =$A5+C$4 -> 20 | D5: =$A5+D$4 -> 24 | E5: =$A5+E$4 -> 29 | F5: =$A5+F$4 -> 33 | G5: =$A5+G$4 -> 38 | H5: =$A5+H$4 -> 42 | I5: =$A5+I$4 -> 47
A6: 12 | B6: 12 | C6: =$A6+C$4 -> 26 | D6: =$A6+D$4 -> 30 | E6: =$A6+E$4 -> 35 | F6: =$A6+F$4 -> 39 | G6: =$A6+G$4 -> 44 | H6: =$A6+H$4 -> 48 | I6: =$A6+I$4 -> 53
A7: 18 | B7: 18 | C7: =$A7+C$4 -> 32 | D7: =$A7+D$4 -> 36 | E7: =$A7+E$4 -> 41 | F7: =$A7+F$4 -> 45 | G7: =$A7+G$4 -> 50 | H7: =$A7+H$4 -> 54 | I7: =$A7+I$4 -> 59
A8: 24 | B8: 24 | C8: =$A8+C$4 -> 38 | D8: =$A8+D$4 -> 42 | E8: =$A8+E$4 -> 47 | F8: =$A8+F$4 -> 51 | G8: =$A8+G$4 -> 56 | H8: =$A8+H$4 -> 60 | I8: =$A8+I$4 -> 65
A9: 30 | B9: 30 | C9: =$A9+C$4 -> 44 | D9: =$A9+D$4 -> 48 | E9: =$A9+E$4 -> 53 | F9: =$A9+F$4 -> 57 | G9: =$A9+G$4 -> 62 | H9: =$A9+H$4 -> 66 | I9: =$A9+I$4 -> 71
A10: 36 | B10: 36 | C10: =$A10+C$4 -> 50 | D10: =$A10+D$4 -> 54 | E10: =$A10+E$4 -> 59 | F10: =$A10+F$4 -> 63 | G10: =$A10+G$4 -> 68 | H10: =$A10+H$4 -> 72 | I10: =$A10+I$4 -> 77
A11: 42 | B11: 42 | C11: =$A11+C$4 -> 56 | D11: =$A11+D$4 -> 60 | E11: =$A11+E$4 -> 65 | F11: =$A11+F$4 -> 69 | G11: =$A11+G$4 -> 74 | H11: =$A11+H$4 -> 78 | I11: =$A11+I$4 -> 83
A12: 48 | B12: 48 | C12: =$A12+C$4 -> 62 | D12: =$A12+D$4 -> 66 | E12: =$A12+E$4 -> 71 | F12: =$A12+F$4 -> 75 | G12: =$A12+G$4 -> 80 | H12: =$A12+H$4 -> 84 | I12: =$A12+I$4 -> 89
A13: 52 | B13: 52 | C13: =$A13+C$4 -> 66 | D13: =$A13+D$4 -> 70 | E13: =$A13+E$4 -> 75 | F13: =$A13+F$4 -> 79 | G13: =$A13+G$4 -> 84 | H13: =$A13+H$4 -> 88 | I13: =$A13+I$4 -> 93
A14: 54 | B14: 54 | C14: =$A14+C$4 -> 68 | D14: =$A14+D$4 -> 72 | E14: =$A14+E$4 -> 77 | F14: =$A14+F$4 -> 81 | G14: =$A14+G$4 -> 86 | H14: =$A14+H$4 -> 90 | I14: =$A14+I$4 -> 95
A15: 60 | B15: 60 | C15: =$A15+C$4 -> 74 | D15: =$A15+D$4 -> 78 | E15: =$A15+E$4 -> 83 | F15: =$A15+F$4 -> 87 | G15: =$A15+G$4 -> 92 | H15: =$A15+H$4 -> 96 | I15: =$A15+I$4 -> 101
A16: 66 | B16: 66 | C16: =$A16+C$4 -> 80 | D16: =$A16+D$4 -> 84 | E16: =$A16+E$4 -> 89 | F16: =$A16+F$4 -> 93 | G16: =$A16+G$4 -> 98 | H16: =$A16+H$4 -> 102 | I16: =$A16+I$4 -> 107

Sheet Alameda
A1: ALAMEDA COUNTY
A2: SLR Scenario | B2: Daily Tide +SLR | C2: Extreme Tide (Storm Surge)
C3: 1yr | D3: 2yr | E3: 5yr | F3: 10yr | G3: 25yr | H3: 50yr | I3: 100yr
A4: 0 | B4: 0 | C4: 15 | D4: 19 | E4: 24 | F4: 27 | G4: 32 | H4: 37 | I4: 42
A5: 6 | B5: 6 | C5: =$A5+C$4 -> 21 | D5: =$A5+D$4 -> 25 | E5: =$A5+E$4 -> 30 | F5: =$A5+F$4 -> 33 | G5: =$A5+G$4 -> 38 | H5: =$A5+H$4 -> 43 | I5: =$A5+I$4 -> 48
A6: 12 | B6: 12 | C6: =$A6+C$4 -> 27 | D6: =$A6+D$4 -> 31 | E6: =$A6+E$4 -> 36 | F6: =$A6+F$4 -> 39 | G6: =$A6+G$4 -> 44 | H6: =$A6+H$4 -> 49 | I6: =$A6+I$4 -> 54
A7: 18 | B7: 18 | C7: =$A7+C$4 -> 33 | D7: =$A7+D$4 -> 37 | E7: =$A7+E$4 -> 42 | F7: =$A7+F$4 -> 45 | G7: =$A7+G$4 -> 50 | H7: =$A7+H$4 -> 55 | I7: =$A7+I$4 -> 60
A8: 24 | B8: 24 | C8: =$A8+C$4 -> 39 | D8: =$A8+D$4 -> 43 | E8: =$A8+E$4 -> 48 | F8: =$A8+F$4 -> 51 | G8: =$A8+G$4 -> 56 | H8: =$A8+H$4 -> 61 | I8: =$A8+I$4 -> 66
A9: 30 | B9: 30 | C9: =$A9+C$4 -> 45 | D9: =$A9+D$4 -> 49 | E9: =$A9+E$4 -> 54 | F9: =$A9+F$4 -> 57 | G9: =$A9+G$4 -> 62 | H9: =$A9+H$4 -> 67 | I9: =$A9+I$4 -> 72
A10: 36 | B10: 36 | C10: =$A10+C$4 -> 51 | D10: =$A10+D$4 -> 55 | E10: =$A10+E$4 -> 60 | F10: =$A10+F$4 -> 63 | G10: =$A10+G$4 -> 68 | H10: =$A10+H$4 -> 73 | I10: =$A10+I$4 -> 78
A11: 42 | B11: 42 | C11: =$A11+C$4 -> 57 | D11: =$A11+D$4 -> 61 | E11: =$A11+E$4 -> 66 | F11: =$A11+F$4 -> 69 | G11: =$A11+G$4 -> 74 | H11: =$A11+H$4 -> 79 | I11: =$A11+I$4 -> 84
A12: 48 | B12: 48 | C12: =$A12+C$4 -> 63 | D12: =$A12+D$4 -> 67 | E12: =$A12+E$4 -> 72 | F12: =$A12+F$4 -> 75 | G12: =$A12+G$4 -> 80 | H12: =$A12+H$4 -> 85 | I12: =$A12+I$4 -> 90
A13: 52 | B13: 52 | C13: =$A13+C$4 -> 67 | D13: =$A13+D$4 -> 71 | E13: =$A13+E$4 -> 76 | F13: =$A13+F$4 -> 79 | G13: =$A13+G$4 -> 84 | H13: =$A13+H$4 -> 89 | I13: =$A13+I$4 -> 94
A14: 54 | B14: 54 | C14: =$A14+C$4 -> 69 | D14: =$A14+D$4 -> 73 | E14: =$A14+E$4 -> 78 | F14: =$A14+F$4 -> 81 | G14: =$A14+G$4 -> 86 | H14: =$A14+H$4 -> 91 | I14: =$A14+I$4 -> 96
A15: 60 | B15: 60 | C15: =$A15+C$4 -> 75 | D15: =$A15+D$4 -> 79 | E15: =$A15+E$4 -> 84 | F15: =$A15+F$4 -> 87 | G15: =$A15+G$4 -> 92 | H15: =$A15+H$4 -> 97 | I15: =$A15+I$4 -> 102
A16: 66 | B16: 66 | C16: =$A16+C$4 -> 81 | D16: =$A16+D$4 -> 85 | E16: =$A16+E$4 -> 90 | F16: =$A16+F$4 -> 93 | G16: =$A16+G$4 -> 98 | H16: =$A16+H$4 -> 103 | I16: =$A16+I$4 -> 108

Sheet Santa Clara
A1: SANTA CLARA COUNTY
A2: SLR Scenario | B2: Daily Tide +SLR | C2: Extreme Tide (Storm Surge)
C3: 1yr | D3: 2yr | E3: 5yr | F3: 10yr | G3: 25yr | H3: 50yr | I3: 100yr
A4: 0 | B4: 0 | C4: 14 | D4: 20 | E4: 24 | F4: 28 | G4: 34 | H4: 40 | I4: 47
A5: 6 | B5: 6 | C5: =$A5+C$4 -> 20 | D5: =$A5+D$4 -> 26 | E5: =$A5+E$4 -> 30 | F5: =$A5+F$4 -> 34 | G5: =$A5+G$4 -> 40 | H5: =$A5+H$4 -> 46 | I5: =$A5+I$4 -> 53
A6: 12 | B6: 12 | C6: =$A6+C$4 -> 26 | D6: =$A6+D$4 -> 32 | E6: =$A6+E$4 -> 36 | F6: =$A6+F$4 -> 40 | G6: =$A6+G$4 -> 46 | H6: =$A6+H$4 -> 52 | I6: =$A6+I$4 -> 59
A7: 18 | B7: 18 | C7: =$A7+C$4 -> 32 | D7: =$A7+D$4 -> 38 | E7: =$A7+E$4 -> 42 | F7: =$A7+F$4 -> 46 | G7: =$A7+G$4 -> 52 | H7: =$A7+H$4 -> 58 | I7: =$A7+I$4 -> 65
A8: 24 | B8: 24 | C8: =$A8+C$4 -> 38 | D8: =$A8+D$4 -> 44 | E8: =$A8+E$4 -> 48 | F8: =$A8+F$4 -> 52 | G8: =$A8+G$4 -> 58 | H8: =$A8+H$4 -> 64 | I8: =$A8+I$4 -> 71
A9: 30 | B9: 30 | C9: =$A9+C$4 -> 44 | D9: =$A9+D$4 -> 50 | E9: =$A9+E$4 -> 54 | F9: =$A9+F$4 -> 58 | G9: =$A9+G$4 -> 64 | H9: =$A9+H$4 -> 70 | I9: =$A9+I$4 -> 77
A10: 36 | B10: 36 | C10: =$A10+C$4 -> 50 | D10: =$A10+D$4 -> 56 | E10: =$A10+E$4 -> 60 | F10: =$A10+F$4 -> 64 | G10: =$A10+G$4 -> 70 | H10: =$A10+H$4 -> 76 | I10: =$A10+I$4 -> 83
A11: 42 | B11: 42 | C11: =$A11+C$4 -> 56 | D11: =$A11+D$4 -> 62 | E11: =$A11+E$4 -> 66 | F11: =$A11+F$4 -> 70 | G11: =$A11+G$4 -> 76 | H11: =$A11+H$4 -> 82 | I11: =$A11+I$4 -> 89
A12: 48 | B12: 48 | C12: =$A12+C$4 -> 62 | D12: =$A12+D$4 -> 68 | E12: =$A12+E$4 -> 72 | F12: =$A12+F$4 -> 76 | G12: =$A12+G$4 -> 82 | H12: =$A12+H$4 -> 88 | I12: =$A12+I$4 -> 95
A13: 52 | B13: 52 | C13: =$A13+C$4 -> 66 | D13: =$A13+D$4 -> 72 | E13: =$A13+E$4 -> 76 | F13: =$A13+F$4 -> 80 | G13: =$A13+G$4 -> 86 | H13: =$A13+H$4 -> 92 | I13: =$A13+I$4 -> 99
A14: 54 | B14: 54 | C14: =$A14+C$4 -> 68 | D14: =$A14+D$4 -> 74 | E14: =$A14+E$4 -> 78 | F14: =$A14+F$4 -> 82 | G14: =$A14+G$4 -> 88 | H14: =$A14+H$4 -> 94 | I14: =$A14+I$4 -> 101
A15: 60 | B15: 60 | C15: =$A15+C$4 -> 74 | D15: =$A15+D$4 -> 80 | E15: =$A15+E$4 -> 84 | F15: =$A15+F$4 -> 88 | G15: =$A15+G$4 -> 94 | H15: =$A15+H$4 -> 100 | I15: =$A15+I$4 -> 107
A16: 66 | B16: 66 | C16: =$A16+C$4 -> 80 | D16: =$A16+D$4 -> 86 | E16: =$A16+E$4 -> 90 | F16: =$A16+F$4 -> 94 | G16: =$A16+G$4 -> 100 | H16: =$A16+H$4 -> 106 | I16: =$A16+I$4 -> 113

Sheet San Mateo
A1: SAN MATEO COUNTY
A2: SLR Scenario | B2: Daily Tide +SLR | C2: Extreme Tide (Storm Surge)
C3: 1yr | D3: 2yr | E3: 5yr | F3: 10yr | G3: 25yr | H3: 50yr | I3: 100yr
A4: 0 | B4: 0 | C4: 15 | D4: 19 | E4: 24 | F4: 27 | G4: 32 | H4: 37 | I4: 42
A5: 6 | B5: 6 | C5: =$A5+C$4 -> 21 | D5: =$A5+D$4 -> 25 | E5: =$A5+E$4 -> 30 | F5: =$A5+F$4 -> 33 | G5: =$A5+G$4 -> 38 | H5: =$A5+H$4 -> 43 | I5: =$A5+I$4 -> 48
A6: 12 | B6: 12 | C6: =$A6+C$4 -> 27 | D6: =$A6+D$4 -> 31 | E6: =$A6+E$4 -> 36 | F6: =$A6+F$4 -> 39 | G6: =$A6+G$4 -> 44 | H6: =$A6+H$4 -> 49 | I6: =$A6+I$4 -> 54
A7: 18 | B7: 18 | C7: =$A7+C$4 -> 33 | D7: =$A7+D$4 -> 37 | E7: =$A7+E$4 -> 42 | F7: =$A7+F$4 -> 45 | G7: =$A7+G$4 -> 50 | H7: =$A7+H$4 -> 55 | I7: =$A7+I$4 -> 60
A8: 24 | B8: 24 | C8: =$A8+C$4 -> 39 | D8: =$A8+D$4 -> 43 | E8: =$A8+E$4 -> 48 | F8: =$A8+F$4 -> 51 | G8: =$A8+G$4 -> 56 | H8: =$A8+H$4 -> 61 | I8: =$A8+I$4 -> 66
A9: 30 | B9: 30 | C9: =$A9+C$4 -> 45 | D9: =$A9+D$4 -> 49 | E9: =$A9+E$4 -> 54 | F9: =$A9+F$4 -> 57 | G9: =$A9+G$4 -> 62 | H9: =$A9+H$4 -> 67 | I9: =$A9+I$4 -> 72
A10: 36 | B10: 36 | C10: =$A10+C$4 -> 51 | D10: =$A10+D$4 -> 55 | E10: =$A10+E$4 -> 60 | F10: =$A10+F$4 -> 63 | G10: =$A10+G$4 -> 68 | H10: =$A10+H$4 -> 73 | I10: =$A10+I$4 -> 78
A11: 42 | B11: 42 | C11: =$A11+C$4 -> 57 | D11: =$A11+D$4 -> 61 | E11: =$A11+E$4 -> 66 | F11: =$A11+F$4 -> 69 | G11: =$A11+G$4 -> 74 | H11: =$A11+H$4 -> 79 | I11: =$A11+I$4 -> 84
A12: 48 | B12: 48 | C12: =$A12+C$4 -> 63 | D12: =$A12+D$4 -> 67 | E12: =$A12+E$4 -> 72 | F12: =$A12+F$4 -> 75 | G12: =$A12+G$4 -> 80 | H12: =$A12+H$4 -> 85 | I12: =$A12+I$4 -> 90
A13: 52 | B13: 52 | C13: =$A13+C$4 -> 67 | D13: =$A13+D$4 -> 71 | E13: =$A13+E$4 -> 76 | F13: =$A13+F$4 -> 79 | G13: =$A13+G$4 -> 84 | H13: =$A13+H$4 -> 89 | I13: =$A13+I$4 -> 94
A14: 54 | B14: 54 | C14: =$A14+C$4 -> 69 | D14: =$A14+D$4 -> 73 | E14: =$A14+E$4 -> 78 | F14: =$A14+F$4 -> 81 | G14: =$A14+G$4 -> 86 | H14: =$A14+H$4 -> 91 | I14: =$A14+I$4 -> 96
A15: 60 | B15: 60 | C15: =$A15+C$4 -> 75 | D15: =$A15+D$4 -> 79 | E15: =$A15+E$4 -> 84 | F15: =$A15+F$4 -> 87 | G15: =$A15+G$4 -> 92 | H15: =$A15+H$4 -> 97 | I15: =$A15+I$4 -> 102
A16: 66 | B16: 66 | C16: =$A16+C$4 -> 81 | D16: =$A16+D$4 -> 85 | E16: =$A16+E$4 -> 90 | F16: =$A16+F$4 -> 93 | G16: =$A16+G$4 -> 98 | H16: =$A16+H$4 -> 103 | I16: =$A16+I$4 -> 108

Sheet San Francisco
A1: SAN FRANCISCO COUNTY
A2: SLR Scenario | B2: Daily Tide +SLR | C2: Extreme Tide (Storm Surge)
C3: 1yr | D3: 2yr | E3: 5yr | F3: 10yr | G3: 25yr | H3: 50yr | I3: 100yr
A4: 0 | B4: 0 | C4: 12 | D4: 19 | E4: 23 | F4: 27 | G4: 32 | H4: 36 | I4: 41
A5: 6 | B5: 6 | C5: =$A5+C$4 -> 18 | D5: =$A5+D$4 -> 25 | E5: =$A5+E$4 -> 29 | F5: =$A5+F$4 -> 33 | G5: =$A5+G$4 -> 38 | H5: =$A5+H$4 -> 42 | I5: =$A5+I$4 -> 47
A6: 12 | B6: 12 | C6: =$A6+C$4 -> 24 | D6: =$A6+D$4 -> 31 | E6: =$A6+E$4 -> 35 | F6: =$A6+F$4 -> 39 | G6: =$A6+G$4 -> 44 | H6: =$A6+H$4 -> 48 | I6: =$A6+I$4 -> 53
A7: 18 | B7: 18 | C7: =$A7+C$4 -> 30 | D7: =$A7+D$4 -> 37 | E7: =$A7+E$4 -> 41 | F7: =$A7+F$4 -> 45 | G7: =$A7+G$4 -> 50 | H7: =$A7+H$4 -> 54 | I7: =$A7+I$4 -> 59
A8: 24 | B8: 24 | C8: =$A8+C$4 -> 36 | D8: =$A8+D$4 -> 43 | E8: =$A8+E$4 -> 47 | F8: =$A8+F$4 -> 51 | G8: =$A8+G$4 -> 56 | H8: =$A8+H$4 -> 60 | I8: =$A8+I$4 -> 65
A9: 30 | B9: 30 | C9: =$A9+C$4 -> 42 | D9: =$A9+D$4 -> 49 | E9: =$A9+E$4 -> 53 | F9: =$A9+F$4 -> 57 | G9: =$A9+G$4 -> 62 | H9: =$A9+H$4 -> 66 | I9: =$A9+I$4 -> 71
A10: 36 | B10: 36 | C10: =$A10+C$4 -> 48 | D10: =$A10+D$4 -> 55 | E10: =$A10+E$4 -> 59 | F10: =$A10+F$4 -> 63 | G10: =$A10+G$4 -> 68 | H10: =$A10+H$4 -> 72 | I10: =$A10+I$4 -> 77
A11: 42 | B11: 42 | C11: =$A11+C$4 -> 54 | D11: =$A11+D$4 -> 61 | E11: =$A11+E$4 -> 65 | F11: =$A11+F$4 -> 69 | G11: =$A11+G$4 -> 74 | H11: =$A11+H$4 -> 78 | I11: =$A11+I$4 -> 83
A12: 48 | B12: 48 | C12: =$A12+C$4 -> 60 | D12: =$A12+D$4 -> 67 | E12: =$A12+E$4 -> 71 | F12: =$A12+F$4 -> 75 | G12: =$A12+G$4 -> 80 | H12: =$A12+H$4 -> 84 | I12: =$A12+I$4 -> 89
A13: 52 | B13: 52 | C13: =$A13+C$4 -> 64 | D13: =$A13+D$4 -> 71 | E13: =$A13+E$4 -> 75 | F13: =$A13+F$4 -> 79 | G13: =$A13+G$4 -> 84 | H13: =$A13+H$4 -> 88 | I13: =$A13+I$4 -> 93
A14: 54 | B14: 54 | C14: =$A14+C$4 -> 66 | D14: =$A14+D$4 -> 73 | E14: =$A14+E$4 -> 77 | F14: =$A14+F$4 -> 81 | G14: =$A14+G$4 -> 86 | H14: =$A14+H$4 -> 90 | I14: =$A14+I$4 -> 95
A15: 60 | B15: 60 | C15: =$A15+C$4 -> 72 | D15: =$A15+D$4 -> 79 | E15: =$A15+E$4 -> 83 | F15: =$A15+F$4 -> 87 | G15: =$A15+G$4 -> 92 | H15: =$A15+H$4 -> 96 | I15: =$A15+I$4 -> 101
A16: 66 | B16: 66 | C16: =$A16+C$4 -> 78 | D16: =$A16+D$4 -> 85 | E16: =$A16+E$4 -> 89 | F16: =$A16+F$4 -> 93 | G16: =$A16+G$4 -> 98 | H16: =$A16+H$4 -> 102 | I16: =$A16+I$4 -> 107

Sheet SUMMARY
A1: County | B1: 1yr | C1: 2yr | D1: 5yr | E1: 10yr | F1: 25yr | G1: 50yr | H1: 100yr
A2: =Marin!A1 -> MARIN COUNTY | B2: =Marin!C4 -> 15 | C2: =Marin!D4 -> 18 | D2: =Marin!E4 -> 23 | E2: =Marin!F4 -> 27 | F2: =Marin!G4 -> 32 | G2: =Marin!H4 -> 37 | H2: =Marin!I4 -> 42
A3: =Sonoma!A1 -> SONOMA COUNTY | B3: =Sonoma!C4 -> 15 | C3: =Sonoma!D4 -> 18 | D3: =Sonoma!E4 -> 24 | E3: =Sonoma!F4 -> 28 | F3: =Sonoma!G4 -> 34 | G3: =Sonoma!H4 -> 38 | H3: =Sonoma!I4 -> 43
A4: =Napa!A1 -> NAPA COUNTY | B4: =Napa!C4 -> 15 | C4: =Napa!D4 -> 19 | D4: =Napa!E4 -> 24 | E4: =Napa!F4 -> 27 | F4: =Napa!G4 -> 33 | G4: =Napa!H4 -> 37 | H4: =Napa!I4 -> 42
A5: =Solano!A1 -> SOLANO COUNTY | B5: =Solano!C4 -> 15 | C5: =Solano!D4 -> 18 | D5: =Solano!E4 -> 23 | E5: =Solano!F4 -> 27 | F5: =Solano!G4 -> 32 | G5: =Solano!H4 -> 36 | H5: =Solano!I4 -> 41
A6: ='Contra Costa'!A1:I1 -> CONTRA COSTA COUNTY | B6: ='Contra Costa'!C4 -> 14 | C6: ='Contra Costa'!D4 -> 18 | D6: ='Contra Costa'!E4 -> 23 | E6: ='Contra Costa'!F4 -> 27 | F6: ='Contra Costa'!G4 -> 32 | G6: ='Contra Costa'!H4 -> 36 | H6: ='Contra Costa'!I4 -> 41
A7: =Alameda!A1 -> ALAMEDA COUNTY | B7: =Alameda!C4 -> 15 | C7: =Alameda!D4 -> 19 | D7: =Alameda!E4 -> 24 | E7: =Alameda!F4 -> 27 | F7: =Alameda!G4 -> 32 | G7: =Alameda!H4 -> 37 | H7: =Alameda!I4 -> 42
A8: ='Santa Clara'!A1 -> SANTA CLARA COUNTY | B8: ='Santa Clara'!C4 -> 14 | C8: ='Santa Clara'!D4 -> 20 | D8: ='Santa Clara'!E4 -> 24 | E8: ='Santa Clara'!F4 -> 28 | F8: ='Santa Clara'!G4 -> 34 | G8: ='Santa Clara'!H4 -> 40 | H8: ='Santa Clara'!I4 -> 47
A9: ='San Mateo'!A1 -> SAN MATEO COUNTY | B9: ='San Mateo'!C4 -> 15 | C9: ='San Mateo'!D4 -> 19 | D9: ='San Mateo'!E4 -> 24 | E9: ='San Mateo'!F4 -> 27 | F9: ='San Mateo'!G4 -> 32 | G9: ='San Mateo'!H4 -> 37 | H9: ='San Mateo'!I4 -> 42
A10: ='San Francisco'!A1 -> SAN FRANCISCO COUNTY | B10: ='San Francisco'!C4 -> 12 | C10: ='San Francisco'!D4 -> 19 | D10: ='San Francisco'!E4 -> 23 | E10: ='San Francisco'!F4 -> 27 | F10: ='San Francisco'!G4 -> 32 | G10: ='San Francisco'!H4 -> 36 | H10: ='San Francisco'!I4 -> 41
